{
  "providers": {
    "awscloudformation": {
      "AuthRoleName": "amplify-yyyyat-dev-150100-authRole",
      "UnauthRoleArn": "arn:aws:iam::829961457937:role/amplify-yyyyat-dev-150100-unauthRole",
      "AuthRoleArn": "arn:aws:iam::829961457937:role/amplify-yyyyat-dev-150100-authRole",
      "Region": "us-west-1",
      "DeploymentBucketName": "amplify-yyyyat-dev-150100-deployment",
      "UnauthRoleName": "amplify-yyyyat-dev-150100-unauthRole",
      "StackName": "amplify-yyyyat-dev-150100",
      "StackId": "arn:aws:cloudformation:us-west-1:829961457937:stack/amplify-yyyyat-dev-150100/2547b690-ea9b-11ec-b7ee-06aa6ccd5831"
    }
  }
}